<?xml version="1.0" encoding="UTF-8"?>
<site>
		<description>Eclipse Checkstyle Plugin Update Site</description>
		<feature 
		url="features/net.sf.eclipsecs_5.1.0.201002232103.jar" 
		id="net.sf.eclipsecs" 
		version="5.1.0.201002232103"> 
    	<category name="Checkstyle"/> 
		</feature>
		<feature 
		url="features/net.sf.eclipsecs.migration_5.1.0.201002232103.jar" 
		id="net.sf.eclipsecs.migration" 
		version="5.1.0.201002232103"> 
    	<category name="Checkstyle"/> 
		</feature>
		<category-def name="Checkstyle"
            label="Eclipse Checkstyle Plugin">
		</category-def>
</site>